id,well,date,comment,drillingProblem
DP_0001,177000010301,2004-01-29,"01/29/06 Installed blk/TEC flange. Tested to 10K w/N2. Staged blk master valve assy to the + 40 deck. WOW. Tested SCSSV to 15K. Pulled BPV. Installed 2/way check valve. Tested same to 10K w/N2. 
01/30/06 Tested tree to 8000 psi. Pulled 2/way check. Pumped 285 bbls diesel. Locked opened SCSSV w/11000 psi.
01/31/06 Set production packer with 200 psi. Tested production packer on backside to 3300 psi, ok. Tested SCSSV to 10,000 psi for 30 minutes. Performed negative test on SCSSV, ok.
02/01/06 Flowed and cleaned well.
02/02/06 Flowed and cleaned well.
02/03/06 Flowed and cleaned well.",8430958162958
DP_0002,177000010301,2004-06-27,"06/27/04: WOW, SERVICE TREE VALVES.

06/28/04: REPAIR TREE VALVES.

06/29/04: REPAIR SSV-1. WORK TO ALIGN DRIFT ON SSV-1.

06/30/04: TEST REPAIRED TREE VALVES. MADE GAGE RUN.

07/01/04: OPEN  ""51"" SAND SLEEVE, FLOW WELL.

07/02/04: VERIFY SLEEVE COMPLETELY OPEN, DEMOB. 

07/03/04: 
",8430958162958
DP_0003,177000010302,2004-06-20,"06/20/04:

06/21/04:

06/22/04:

06/23/04: RECOMPLETE (SLIDING SLEEVE)  Travel TO LOCATION AND PRE-LOAD

06/24/04: Travel TO LOCATION AND PRE-LOAD

06/25/04: CREW CHANGE, WOW, R/U SLICKLINE

06/26/04: WOW, CRANE SAFETY STAND DOWN
",8430958162958
DP_0004,177000010302,2004-06-27,"06/27/04 - WOW

06/28/04 - Start RU equipment.

06/29/04 - PU on tbg to 6000#. Test lub to 6000#. Set CIBP @ 12030' MD. POOH. Test 13-3/8"" x 9-5/8"" annulus to 1500# for 15 min. Good test.

06/30/04 - Dump bail 50' of 16.4 ppg Class H cmt @ 12000'. Pressure tested 7-5/8"" x 2-7/8"" annulus to 1500 psi for 15 mins. Tested good. Tested 2-7/8"" CIBP & 50' of cmt to 5800 psi for 15 mins. Good test. Tested lub to 6000 psi. RIH w/perf gun to 11946' WLM.Pressured up tbg to 5500 psi & fired gun. Pressured up tbg to 5500 psi & fired gun. Pressure dropped to 5000 psi on tbg. POOH & RD EL.

07/01/04 - M&P 10 bbls of 16.4 Class H cmt, displ w/66.5 of SW to spot a 500' plug in tbg & tbg X 5-1/2"" annulus from 11460' - 11960'. Final pump pressure 4400 psi. RD WL.

07/02/04 - Test the 2-7/8"" x 7-5/8"" annulus to 1000 psi, charted 15 min, bled of pressure. RIH w/ spf perf gun. Tagged TOC @ 11460' RKB. PU to 4000 psi & fired gun. M&P 21 bbls (109 sxs) of 16.4 Class H cmt. Displace w/42.5 bbls of SW for a balanced plug f/7350' - 7850' rkb in tbg & prod. annulus.

07/03/04 - Pressure test cmt plug to 4500 psi for 15 min. Good test. PU on production annulus to 1000 psi for 15 min. Good test. Bleed off pressure. PU to 600 psi. RIH cut tbg @ 1000'. Perf the 7-5/8 & 9-5/8"" @ 990'. Circ down the 7-5/8"" taking returns out the 7-5/8"" x 9-5/8"" annulus until clean. Circ out the 9-5/8"" x 13-3/8"" annulus 1 volume (58 bbls) @ 1 bpm.",8430958162958
DP_0005,177000015801,2004-06-06,"06/06/04:	Repaired valve on tree.  Attempted to set BPV; SCSSV leaking.  RU & attempted to set plug.  POOH.

06/07/04:	Set ""DX"" plug @ 526' & tested.  Set ""DX"" plug @ 389'.  POOH.  Repaired tree & restack.  Pulled ""DX"" plugs.  Opened well & flowed. Well pressure @ 0 psi in minute. Recovered 3 bbls condensate.

06/08/04:	RU WL.  TIH w/1.89"" gauge to top of plug @ 10032'.  POOH.  TIH w/imp blk; tagged fluid level @ 369'.  POOH. Opened well to tank.  Slight blow. RU CT.  Tested BOPs 250/5000 psi.  TIH w/jetting assy; jetted f/2000' w/N2.  POOH.  RU SL.  TIH w/""BO"" shifting tool & closed sleeve @ 10032'.  POOH.  TIH w/Kobe prong to 10112' WLM.  POOH TIH w/2"" GS to 10111'.  POOH w/""AA"" stop.  TIH to 10111'.  POOH w DD plug.  Left packing from DD plug in hole. TIH w/2"" GS to 10111'; unable to latch AD2 stop.  TIH w/spear; unable to pull rubber packing.  Suspend operation. RD CT.

06/09/04:	RD SL.  ND BOPs & NU tree.  WOW to move off location.

06/10/04:	WOW to move off location.

06/11/04:	Moved off location.
",8430958162958
DP_0006,177000015801,2004-05-30,5/30/04 - WOW.,8430958162958
DP_0007,177002004401,2004-06-06,"06/06/04:  JU to 5' air gap and started pumping pre-load.  																		
06/07/04:  Held preload.  Monitored penetration on legs. JU into position and placed walkway to platform. MU BOPE, riser, and installed crown valve on well. Wood Group installed ESD system to well. Ran all chicksan line sections and MU same to choke manifold, flow cross, gas buster from lift boat deck to platform side.  																		
06/08/04:  Installed rental casing valve on 10-3/4"" production casing spool. MU chicksan lines to same. Pumped and filled 1-1/2"" coil tubing reel with 37 bbls of 8.6 ppg sea water with 3% KCL. RU high pressure pump hose to BOP. Fuction tested BOP. Shell tested blowout preventer and 3-1/16"" 10K rental crown valve to 250/5,000 PSI and recorded on chart.  Pressured up on 2"" chicksan lines and manifold testing to 250/8,000 PSI. 																		
06/09/04:  WOW. 																		
06/10/04:  RD and changed out HR 5100 coil tubing injector head with HR 480 and rigged up same to 1-1/2 "" coil. Fuction tested controls on injector.  Cut 25' of coil, installed connector and pull tested to 15,000 lbs and pressure tested to 5,000 psi.  MU jet blaster BHA, NU and secured head. RU and tested Bowen connection and pipe rams to 250 psi low and 3,500 psi high. Opened manumatic with 450 psi SITP. Casing pressure was 640 PSI. Worked coil up and down attempting to get past hanger. 																		
06/11/04:  Pulled BHA above tree and SI well. MU new BHA and skirted wash tip. Re-stabbed injector, made up Bowen connecton and tested to 3,500 PSI. Opened well manumatic and top manual rental valve. CIH with 1-1/2"" coil. RIH w/ 1-1/2"" coil with skirted wash nozzle pumping 0.25 BPM, while bleeding off tubing pressure of 450 PSI to gas buster. Stopped running in with coil and continued pumping at 0.25 BPM with 8.6 PPG seawater with 3% KCL. Began pumping nitrogen at 250 SCF/min. CIH w/ coil to 4,600' CTM (4,644' RKB) pumping 0.50 BPM with 280 scf/min. Continued pumping 0.50 BPM increasing nitrogen to 380 SCF/min until returns seen at gas buster. CIH w/ CT, checking weights to 13,300' CTM (13,344' RKB). Adjusting nitrogen and fluid rates as needed to sustain returns. Lost complete returns at 13,300' CTM (13,344' RKB). Increased rate to 380 scf/min and reduced fluid to less than 1/4 BPM. Continued to pump until returns at gas buster. CIH w/ CT to 14,200' CTM (14,244' RKB), returns decreasing to no returns at gas buster. Stopped RIH w/ CT and could not get returns back. Pulled up to 10,000' CTM (10,044' RKB). Continued pumping at 250 SCF/min with 0.25 BPM monitoring for returns at gas buster. 																		
06/12/04:  CIH to 15,750' CTM (15,794' RKB).  Lost returns and pump lost prime at 350 SCF\min.  POOH to 14,300' CTM (14,344' RKB) and established returns.  RIH  to 15,750' CTM (15,794' RKB) and lost returns.  POOH to 14,768' CTM (14,812' RKB) and increased nitrogen to 450 SCF/min and established returns.  RIH to 16,821' CTM (16,865' RKB).  Sat down with 1,000 lbs over, worked coil and made no hole. Lost returns.  Pulled into tubing at 16,800' CTM (16,844' RKB) and attempted to establish circulation.  Pump lost prime.  Started pumping at 450 SCF/min + 0.3 BPM foam.  POOH to 13,600' CTM (13,644' RKB), could not establish circulation. POOH to 11,300' CTM (11,344' RKB) pumping at 490 SCF/min + 0.3 BPM foam and started receiving erratic returns.  Staged in hole maintaining returns pumping 430 SCF/min + 0.3 BPM filtered sea water with 3% KCL.  Tagged up at 16,675' CTM (16,719' RKB).  PU and attempted to work deeper 4 times. Tagged up 146' high to previous trip, packer set 147' above EOT. Casing pressure 1,150 psi, high for day was 1,250 psi.  																		
",8430958162958
DP_0008,177002004401,2004-05-30,"5/30 - WOW.


5/31 - RU WL.  MU blind box.  Found fluid at 700'.  POOH.  RIH with swab cup assembly (unable to get through SCSSV at 410').  POOH (tool packed with sand).  RIH with sand bailer to 14966'.  Set down & worked to 15002'.  POOH (small amount of sand in bailer).  RD WL.  Installed tree cap.  SWI.  Lease OCS-G 14532, Well No. JA002 operations completed 20040531.  Modify perforations procedure unsuccessful.  FINAL REPORT.

",8430958162958
DP_0009,177002006502,2006-10-28,"10/28-RIH w/ 2-1/2 kickover w/ pulling tool, pulled @ 8133 WLM, pumped 1 bbl SW, RIH w/ same and pulled dummies from 7513, 6919, 6425, and 5870 WLM.  
10/29-WOW


This was missed during the confusion following the hurricanes.  The APM to install gas lift was approved 12/6/2004.",8430958162958
DP_0010,177002006502,2006-10-30,"10/30-RIH and pulled dummies from 5282, 4567, 3752, 2879, 1755 ELM, RIH w/ kickover tool and installed gas lift valves @  1755, 2879, 3752, 4567, 5282 WLM.  
10/31-RIH w/ kickover tool, set gas lift valves 2 5870, 6425, 6919, attempted to set @ 7513 WLM , came back w/ GL valve in tool.  RD WL.
11/01-11/02 WOW
11/03-ran and set new gas lift valves @ 7513 and 8133 WLM, pressure tested tbg to 1200 psi, test good, no increase in csg prss, opened well to test, opened well to gas lift.  FINAL REPORT
",8430958162958
DP_0011,177004005201,2006-02-19,"02/19/2006: Rig arrived on location.

02/20/2006: Began preloading.

02/21/2006:  Continued to preload.

02/22/2006:  Continued to preload.

02/23/2006:  Continued to preload.

02/24/2006:  Finished preloading.  WOW to tie-up workboat.

02/25/2006:  Drove 24"" DP to 506' (238' penetration).  Installed +10' valve.  NU diverter.",8430958162958
DP_0012,177004005201,2006-03-05,"3/5 -  POOH. R/U WL & tested lubricator to 1000 psi. RIH w/GR/CCL & gauge ring to 10,665'and confirmed TOL 9,649'. Logged from 10,665' to 9500'. POOH. TIH to 10,635'. 

3/6 - Continued to RIH with GR/CCL/USIT and displaced hole w/ 16.6 ppg ZnBr.

3/7 - Tested 5-1/2"" casing. POOH. Set ""QL"" Sump Packer @ 10,515'. 

3/8 -  WOW.

3/9 - R/U and tested BOP's.

3/10 - M/U perforating assembly & TIH w/ sump packer @10,515'. Snapped in & out sump packer @ 10,515'. Spaced out & R/U Control head. Guns fired & perforated from 10,488' to 10,510' in the ""Valve H"" Sand. Cycled tool & reversed out. Spotted pill in annulus. Monitored static well. Cycled downhole valve and ruptured disc.

3/11 - POOH L/D perforating assembly. All shots fired. Downloaded BHP gauges. GIH w/screen assembly and TIH. Snapped in & out of sump packer @10,515'. WOW.",8430958162958
DP_0013,177004006901,2006-03-07,"03/07/06 - Arrived on location. Pre-loaded.  03/08/06 -WOW.  03/09/06 - WOW.  03/10/06 - Installed +10' valve.   03/11/06 - Functioned diverter.",8430958162958
DP_0014,177004006901,2006-03-05,"3/05/06 - 3/06/06:  WORKING ON WELL J-3.

3/07/06:  BEGIN R/U ON WELL.

3/08/06:  R/U RISER & HYDRIL.  WOW - HIGH WIND & SEAS.

3/09/06:  CONT WOW.

3/10/06:  TEST HYDRIL TO 250/1000 PSI ON CHART.  RIH W/ OS TO 295'MD.  LATCHED 
          RETRIEVABLE PLUG.  POOH.  RIH W/ JB & GR TO 800'MD.

3/11/06:  W/O ON ORDERS FROM BP HOUSTON OFFICE.
",8430958162958
DP_0015,177004007801,2006-02-26,"2/26/06:  WOW.

2/27/06:  R/U WL & TEST LUBRICATOR TO 250/5000 PSI.  RIH W/ 2.25"" GR & SAT DOWN @ 
          579'RKB.  POOH.  HAD IMPRESSION OF SCSSV FLAPPER.  PRESSURE UP TO 4500 PSI 
          ON TBG.  MONITOR CSG W/ 50 PSI.  TREE LEAKING; W/O B&B.

2/28/06:  SHUT SCSSV.  BLED DOWN & R/U TO SET BPV.

3/01/06:  N/D DOWN TREE.  N/U UP 2-WAY VALVES.  R/U & PULL BPV.  SET 2-WAY CHECK.  
          R/U PUMP & TEST TO 250/10,000 PSI; GOOD TEST.  R/U & PULL 2-WAY CHECK.  R/U 
          WL & TEST LUBRICATOR TO 250/5000 PSI.  RIH W/ 1-3/4"" BAILER TO SCSSV, 
          FLAPPER CLOSED.  PRESSURE UP TO 4500 PSI IN TBG TO OPEN.  RIH TO 1563'MD, 
          WORKED BAILER.  HAD SAMPLE OF SAND & SCALE.

3/02/06:  PUMPED 7 BBLS DOWN TBG, SCSSV EQUALIZED.  LATCH SCSSV; UNABLE TO PULL.  

3/03/06 - 3/04/06:  W/O ON CTU & EQUIPMENT.

",8430958162958
DP_0016,177004007801,2006-03-09,"03/05/06 - TIH and tagged top of cement retainer at 4954'. PU perf-o-log lubricator and tested to 5000# and held. RIH with GR/CCL and verified EZSV depth at 4954'. POOH and LD same. Circulated hole clean with 8.6 bbls of seawater. Displaced 8.6 seawater from well with 8.6 filtered KCL. POOH and LD scrapper assemblies.

03/06/06 -  Found leaking ram inner seals. Installed all new seals. Function tested rams - no leaks on BOPs or control valves. 

03/07/06 - RU and tested BOPs. RIH with Halliburton TCP assembly to 4954' MD. Set champ packer at 4836' MD. RU surface equipment and tested lines to 3600# - good test. Perforated H-4 Sand from 4902' to 4949' and monitored well. Diverted well to production. Well loaded up. Cycled omni valve to reverse position. Reversed out drill pipe contents.

03/08/06 - POOH with Halliburton tools and TCP assembly. LD same. TIH with bit and tagged fill at 4936' MD. Washed sand from 4936' to top of EZSV at 4954'. POOH and LD bit.

03/09/06 - TIH with GP assembly and tagged at 4954'. WOW. 

03/10/06 - Set gravel pack packer at 4804' with 3600#. Performed push/pull test. Shifted to reverse position and reversed out ball. Pumped gravel pack and attempted to pull up to reversed position, stuck seals - unable to free.

03/11/06 - Attempted to pull free from packer - all attempts failed.
",8430958162958
DP_0017,177004009101,2006-03-09,"03/05/06 - Tested BOPs as per MMS and ERT 250/5000. P/UP 4-1/8"" bit, brush and scraper. GIH with 2-3/8"" work string rabbiting same. Tagged at 8132' MD. Washed and reamed from 8132' to 8234'. Pumped caustic sweep pill and circulated hole clean. POOH.

03/06/06 - MU 7"" scraper. TIH to 8227'. Circulated hole clean with seawater. Pumped 25 bbls caustic sweep and displaced hole with 4 percent KCL seawater. POOH and LD 5"" brush scraper and 4-1/8"" bit. RU E-line. GIH with gauge ring, junk basket and gamma ray and tagged 8237' WLM. Logged from 8237' to 7100' WLM and from 4900' to 4500' WLM. POOH.

03/07/06 - GIH and set CIBP at 8171' WLM. RU and tested casing to 3500 psi for 30 min. on chart - good test.  TIH with TCP assembly. Tagged CIBP at 8171' MD. Spaced out and put guns on depth. Fired TCP guns and perforated K-2 Sand from 8135' to 8166'. Shut in well and monitored pressure. Circulated bottom and lost 13 bbls to formation. Attempted to bullhead into formation - unsuccessful. Tubing pressure 200 psi and casing pressure 420 psi.

03/08/06 - Maintained constant pressure on well to prevent further influx while WOW.

03/09/06 - WOW. Let well stabilize. Circulated 9.3Cal/BR2. Shut down and monitored pressure. Well static. POOH with TCP assembly.

03/10/06 - TIH with bit and tapered string, tagged at 8129' DPM. Washed from 8129' to 8171' DPM and pumped HEC sweep. POOH. TIH with gravel pack assembly.

03/11/06 - Dropped 1 1/4"" ball and set packer at 8066'. Pickled pipe with 15 percent HCL. Performed gravel pack.

",8430958162958
DP_0018,177004009101,2006-03-09,"03/08/06 MOL. R/U on lines. Tested to 5000 psi. Filled tubing & casing w/9.3 ppg CaCl2.
         Established injetion rate down tubing while monitoring casing pressure. 
         Pressures @ .5 BPM = 200 psi, 1 BPM = 250 psi, 1.5 BPM = 300 psi, 2 BPM = 475
         psi w/csg pressure dropped to 500 psi.
03/09/06 WOW. High seas.
03/10/06 WOW. High seas.
03/11/06 Tested surface to 5000 psi. Pumped 19 bbls of 16.2 ppg Liquid Stone cement.
         Squeezed 8300' Sand & 8400' Sand perforations. ETOC @ 9770'. ",8430958162958
DP_0019,177004015302,2006-03-10,"03/05/06 - Tested BOP's.  

03/06/06 - Finished testing BOP's.  RIH with cement mill & milled from 16646' to 17704'.  C&CM.

03/07/06 - Tested casing to 1000 psi.  Ran CBL from 17708' to 13000'. 

03/08/06 - RIH with brush/scraper/magnet assembly & drill from 17704' to 17706'.

03/09/06 - WOW.

03/10/06 - Displaced well with 9.0 ppg CaCl2.

03/11/06 - Finished displacing well with 9.0 ppg CaCl2.  Tested casing to 1000 psi.",8430958162958
DP_0020,177004015302,2006-03-05,"3/05/06:  R/U CTU & TEST BOPS TO 250/10000 PSI FOR 5 MINS ON CHART; GOOD TEST.  M/U 
          BHP & RIH W/ PULLING INSERT.  R/D CTU & R/U SL.

3/06/06:  TEST SL LUBRICATOR TO 250/5000 PSI.  RIH W/ BAILER TO 14274'MD & WORKED 
          BAILER.  RIH W/ 2.25"" GR TO 14247'RKB.  ATTEMPTED TO INJECT INTO TBG W/ 10 
          BBLS.  PRESSURE UP TO 3000 PSI & HOLD.  BLED OFF PRESSURE. R/U CTU.  RIH W/ 
          WASH NOZZLE TO 14000'.  BEGAN WASHING OPERATIONS.

3/07/06:  CONT WASHING W/ CTU DOWN TO PERFS.  MIX & SPOTTED 5 BBL CMT PLUG F/ 14603' 
          TO 14400'RKB. CBU.  POOH.  CLOSED WELL W/ 1100 PSI ON TBG & 0 PSI CP.  POH 
          W/ CTU.

3/08/06:  WOW & PERFORMING GENERATOR REPAIRS.

3/09/06:  WOW - WINDS & SEAS HIGH.  GENERATORS REPAIR & TESTED OK.

3/10/06:  WOW.

3/11/06:  WOW.",8430958162958
DP_0021,177004020601,2006-03-05,"3/05/06 - 3/06/06:  WORKING ON BATCH WELLWORK AT WD 70 H PLATFORM.

3/07/06:  N/D 3-1/2"" TREE TOP FLANGES ON LS & SS.  R/U SL & TEST TO 4000 PSI.  RIH & 
          LATCH PLUG @ 477'.  

3/08/06:  ATTEMPTING TO PULL PLUG.  SHEAR OFF & POOH.  R/U ON LS & RIH W/ 2"" PULLING 
          TOOL.  LATCH PLUG @ 512'MD.  

3/09/06:  WOW - WINDS & SEAS HIGH.

3/10/06:  WOW - WINDS & SEAS HIGH.

3/11/06:  R/U SL & TEST LUB TO 4000 PSI.  MADE GAUGE RUN TO 12175'MD.  TAG TOP OF 
          PLUG & BEAT DOWN.  RIH W/ GS PULLING TOOL & LATCH PLUG.  PULL SAME FREE.  
          RIH W/ GAUGE & TAG DM PLUG @ 2381'MD.  POOH.",8430958162958
DP_0022,177004020601,2006-03-12,"03/12 - WOW.

03/13 - WOW.  RU BOPs.

03/14 - RU pump line & BOP control line.

03/15 - Re-rigging unit.

03/16 - Re-rigging unit.

03/17 - RU HWO unit.

03/18 - RU BOP control lines.  Changed both sets of pipe rams from 3-1/2"" to 2-7/8"".  Teseted BOPs.",8430958162958
DP_0023,177004020801,2006-03-19,"3/12/06:  WOW.

3/13/06:  WOW.

3/14/06:  WOW.

3/15/06:  R/U & TEST PUMP LINES TO 250/5000 PSI.  TESTED BTM CMT PLUG @ 14603' TO 
          14400' TO 1600 PSI FOR 15 MINS ON CHART; GOOD TEST.  R/U SL.

3/16/06:  TEST LUB TO 250/5000 PSI.  MADE GR RUN TO 14168' (TOC).  POOH.  R/D SL.  

3/17/06 - 3/18/06:  WORKING ON WELL E-2.
",8430958162958
DP_0024,177004020801,2006-03-19,"03/12-WOW.  RU cement unit, RU & tested BOPE , tested lines to 5500 psi, ok.  SM, Tested BOPs w/ cement unit, 250/5000 psi, annular 250/3500 psi.  
03/13-Finished testing BOPE.  RD test equipment.  TIH w/ RTTS tool to 11140, Circ @ 11140.  Set RTTS tool @ 11227, w/ 70k down on pkr, SM, RU lines.  Broke circ, tested lines to 6700 psi, put 1000 psi on BS, held same.  Tested 9-5/8 & 7 liner w/ 11.1 PPG mud to 5680 psi on chart 30 mins, ok.  Released RTTS tool, RD lines, checked flow, pumped slug, LD. 
03/14-POOH, LD.  SM, TIH w/ multi arm 80 finger 8-1/4 caliper, logged 13-3/8 csg from 11185- top of  9-5/8 liner, logged 11185 to surface, TIH and repeated from 11000  10000.  RD WL.  
03/15-RIH w/ new BHA worked thru 9-5/8 liner top @ 11185 & 7 liner @ 15306, tagged bridge @ 16263.  Washed & reamed ratty cement from 16263-16575.  Drilled dart, wiper rubber & cement from 16575-16667.  Drilled shoe & reamed 1667-16713, reamed 5 at a time and pulled back to she each time due to hole packing off & torquing up while back reaming.  Raised mud wt from 11.5 to 11.7 PPG while reaming to bottom 2 16713.  Max gs 400 units.  
03/16-Pumped 35 bbls wtd sweep & 45 bbls HI VIS sweep around 2 16715, circ until sweep inside 7 liner shoe, reamed back into csg.  C&C mud @ 16665.  Checked flow, pumped slug, POOH.
03/17-RIH w/ RTTS & by-pass to 16216, RU 2 TIWs & testing lines.  Broke circ, set RTTS, opened by-pass and broke circ w/ cmt unit.  Tested lines to 6000 psi, closed by-pass & put 1000 psi on BS, tested formation to 5100 psi on chart 2/ 11.7 PPG mud, EMW=18.0.  Bled back 5 bbls.  RD lines unset RTTS tool, RD.  Pumped slug & POOH, LD.  
03/18-RIH w/ BHA to 9133, checked flow, slugged pipe POOH to change MWD. 
",8430958162958
DP_0025,177004025001,2006-03-19,"03/19 - Arrived on location.  RU CT.  Tested CT BOPs (250/5000 psi).  RIH pumping N2.  Stopped CT @ 2000'.  20 bbl returned.  SD N2.  WHP 500 psi.  POOH w/ CT, WHP 1600 psi on 11/64"" choke (58 bbl returned).  Well made gas, oil & traces of water.  SWI & RD CT.  SIP 3200 psi.

03/20 - WOW.

03/21 - Installed autoclave valve w/ fitting on tree for down hole valve. Initial completion operations completed.  FINAL REPORT. ",8430958162958
DP_0026,177004025001,2006-03-23,"3/19 - WOW
3/20 - Rigging up
3/21 - N/D DHT N/U riser & BOP's begin testing
3/22 -  Complete BOP tests 250/7000 psi TIH tag storm packer at 371' displace hole w/new mud.  Try to establish injection down DP & casing annulus w/ no success
3/23 - R/U SL test lub to 2500 psi RIH pull storm packer
3/24 - R/U CT unit test BOP's 250/7000 psi RIH washing out old mud to 12590'
3/25  - POH P/U perf gun assy RIH perforate DP f/12618' - 12628'",8430958162958
DP_0027,177004025901,2006-03-20,"03/22/2006:  Skidded rig over to Well No. A001.  Broke bolts on tubing spool.  Removed old tubing spool and installed rebuilt spool.  Checked DHT and casing pressures.  Stacked up 11"" X 10M riser and BOP stack.  NU and tested BOP's to 250/7500 psi.

03/23/2006:  Finished testing BOP's.  WOW to offload equipment from workboat.

03/24/2006:  PU drill collars and backloaded equipment to workboat.  RIH and tagged cement at 400'.  LD 10' drill pipe.  Washed down and drilled cement from 405' to 509'.

03/25/2006:  Continued drilling cement to 580'.  POOH.  GIH with cement mill and to 580' Milled on EZSV.  POOH.  MU rock bit.  GIH and milled on packer to 3348'.
",8430958162958
DP_0028,177004025903,2006-03-19,"3/19/06 Continued with well clean up. SIW. Monitored SITIPs & closed SCSSV. RIH w/ crown plug & pressured up to 3500 psi to set whole HES jar down same. POOH. Tested above crown plug 250/6500 psi. Bled off work over riser & tested below crown plug @ 3000 psi. RD equipment.

3/20/06 TLP Marco Polo flowed well. WOW.

3/21/06 SIW. Repositioned rig to decrease angle & unlatched SSTT from tubing hanger. PU 2' & closed upper annular. Displaced choke line & production riser to 10.5 ppg brine taking returns to power well.

3/22/06 MU 5-7/8"" DP. TIH w/ mill & wash tool on 5-7/8"" DP. SIW. Checked pressure under blind/shear rams, opened same. Landed out in ITC cavity & pumped Hi-Vis sweep down DP.

3/23/06 Opened rams once above blind/shear rams closed same & circulated out Hi-Vis pill through choke & kill lines. Completed circulation. Shut in choke & kills & attempted to reach TLP with no success. Latched up SSTT & changed out URT. Latched fitting & trouble shooted leak on SSTT. Latched up ITC to SSTT. RIH w/ same w/ 5-7/8"" DP. Checked pressure under blind/shear rams (zero psi), opened blind shear rams & worked ITC & SSTT through BOPs. Landed out ITC & confirmed in position. Pressure tested ITC below to 6500 psi & unlatched SSTT from ITC. Closed blind/shear rams & pressure tested top of ITC to 6500 psi. Displaced choke, kill, boost, bop & riser from 10.5 ppg Brine to SW.

3/24/06 - 3/25/06 WOW.",8430958162958
DP_0029,177004025903,2006-03-26,"3/19/06 Conducted safety meeting & JSA. Offloaded acid. RU equipment. WOW. SDFN.

3/20/06 Conducted safety meeting & JSA. RU CT injector head & TIH. CBU & circulated hole clean. POOH. SDFN.

3/21/06 RIH w/ CT & attempted to pump into T-10 perfs with Inversperse solvent. Could not pump in. Circulated out solvent & put acid on spot. Could not pump in the acid. Circulated out the acid & caught acid & solvent in tanks for disposal. POOH. SDFN.

3/22/06 - 3/25/06 Conducted safety meeting & JSA. RIH w/ wash nozzle to T-10 perfs & washed with acid. Could not pump in. Circulated out acid for disposal. POOH. SDFN.
",8430958162958
DP_0030,177004036603,2007-03-25,"3/26/06 - 3/28/06 WOW.

3/29/06 Functioned BOPs on both yellow & blue pods. RD test lines. POOH.

3/30/06 TIH w/ SPS wash tool assembly & CIW WB retrieving tool to 3650'. Closed blind/shear rams on BOPs. Ran flying lead on Oceaneering Deployment Sled to seafloor & attempted to move Sled closer to Subsea Tree w/ ROV. ROV had thruster problems.

3/31/06 Returned to surface w/ ROV & trouble shooted thrusters. Attempted to MU HFL J-plate to tree, could not. ROV torque tool malfunctioned.

4/1/06 TIH w/ wash assembly, WB pulled tool from 3800' & dropped 2.125"" bypass ball. Verified positions of valves on well w/ ROV. Washed wellhead. Landed out retrieving tool in WB @ 3919', had no indication of pins shearing. POOH. LD wear bushing & retrieving tool. PU 3-1/2"" tubing. Installed control line on DHPT gauge & tested same to 10000 psi, ok. TIH w/ 3-1/2"" production string.",8430958162958
DP_0031,177004036603,2007-05-27,"5/20/2007  WORKED ON BOP AND STUMP TESTED SAME, RIG UP AND RUN BOP AND RISER.
5/21/2007  RUNNING BOP AND MARINE RISER
5/22/2007  RAN MARINE RISER AND BOP, LATCH UP TO PARKING PILE. 
5/23/2007  LATCHED BOP & RISER TO PARKING PILE, P/U AND R/B 4 1/2"" DP AND MI
           SPEEDWELL CLEANOUT ASSYS.
5/24/2007  P/U & R/B 4 1/2"" DP/WOW
5/25/2007  WOW/SET TUBING HEAD SPOOL IF WEATHER PERMITS
5/26/2007  WOW/SET TUBING HEAD SPOOL IF WEATHER PERMITS
",8430958162958
DP_0032,177004036603,2007-05-27,"5/27/2007  WOW/SET THS AS WEATHER PERMITS
5/28/2007  WOW/TBG RUN TEST W/FRANKS/HANDOFF F6 THS/DESCEND & SETUP FOR INSTALLATION
5/29/2007  INSTALL F6 THS/PU F5 THS/TRANSIT TO F5/SHUTDOWN WOW
5/30/2007  SHUTDOWN WOWTRANSIT TO F5/SET SAME/TEST
5/31/2007  WAIT ON CURRENT/JUMP ROV/UNLATCH/TRANSIT/LATCH
6/1/2007   TRANSIT TO F6/LATCH/TEST BOPS/DISPLACE/DRL FASDRIL/RIH/CIRC/DRL 
           LC+/DISPLACE/POH
6/2/2007   DISPLACE/DRL FASDRIL/W&R TO 13,597'
",8430958162958
DP_0033,177004037001,2007-09-10,"9/9/07  RIH w/ production tubing & tubing assembly.

9/10/07  RIH w/ production tubing & tubing assembly.  Began displacing 14.8 ppg ZnBr2 out of well.

9/11/07  Continued to displace 14.8 ppg ZnBr2 out of well.  Pressure tested hanger seals & casing annulus to 1000 psi.  Installed FMC BPV.

9/12/07  NU 10K tree.  FMC attempted to test void space.  Re-tested to 10K psi.  RU lubricator & tested tree to 10K psi through lubricator.  Appeared 2-way check valve leaking.  Redressed 2-way check valve 4 times, tested tree to 10K psi. Functioned SCSSV.  Pulled 2-way check valve.  RU WL & tested lubricator to 7000 psi.  RIH w/ nipple locator w/ swedge & worked through tight area from 12659' to 12673' WLM.

9/13/07  RIH & set down @ 12800'.  PU hole tight, beat & pulled up to 1000 lbs.  POOH.  RD WL & equipment.  Prepared rig to skid.

9/14/07  Prepared to demobilize rig.

9/15/07  Rig MO location.  WOW to move CT on location.",8430958162958
DP_0034,177004037001,2006-09-21,"09/16/07 - No activity.

09/17/07 - RIH and cut 7-5/8"" casing @ 330' BML.  POOH.  Circulated 15 bbls down 7-5/8"" casing and out 10-3/4"" casing.  

09/18/07 - No activity.
09/19/07 - WOW
09/20/07 - WOW
09/21/07 - WOW
09/22/07 - WOW",8749285959175
DP_0035,177004038401,2006-03-19,"03/19/06  ND BOPs.  Removed 7-1/16"" 5M x 11"" 5M tbg head.  NU BOPs to 11"" 5M WH.  TIH w/7-5/8"" cup tester to 60'.  Tested BOPs against cmt plug to 1500 psi.  LD cup testers.  TIH w/7-5/8"" cutting assy f/148' to 2276'.  Spaced out to 2300'; cut 7-5/8"" csg.  POOH w/cutter & csg.

03/20/06  TIH w/7-5/8"" spear to 37'.  Attempted to pull on csg; unsuccessful.  POOH.  RIH w/7-5/8"" mech. cutter; cut @ 67' RKB.  POOH.  Latched 7-5/8"" csg w/spear @ 37'; pulled free.  POOH; LD fish.  TIH w/spear to 67'; POOH to fish.  Disengaged spear f/csg.  LD 7-5/8"" csg.  TIH w/spear assy w/6.767"" grapple & pack off; latched 7-5/8"" csg @ 1198'.  Attempted to free same; unsuccessful.

03/21/06  Cont. jarring on fish.  TIH w/7-5/8"" cutter to 1950'; cut 7-5/8"" csg @ 1950'.  POOH.  TIH w/spear assy to 1198'; engaged fish - POOH w/fish.  Released 7-5/8"" csg f/spear.  TIH w/spear & grapple; engaged fish @ 1949'.  Attempted to jar on fish; unsuccessful.  POOH.

03/22/06  Pumped 40 bbls Hi-Vis sweep.  Displaced hole w/9.4 ppg mud.  Washed over 7-5/8"" csg f/2015' to 2087'.

03/23/06  Cont. washing over 7-5/8"" csg f/2087' to 2183'.   Pumped 30 bbls Hi-Vis sweep; circ out same.  TIH w/spear assy & grapple.  Engaged spear into fish @ 1949'; attempted to jar on fish - unsuccessful.  POOH w/spear assy.

03/24/06  TIH w/7-5/8"" cutting assy; cut csg @ 2183'.  POOH.  TIH w/spear assy & grapple; engaged fish @ 1949'.  POOH w/cut csg.  TIH w/OEDP to 2587'.  CBU.  Pumped 172 sxs (177 cu.ft.) Cl. ""H"" cmt.  POOH.  Tested BOPs.

03/25/06  Fin. testing BOPs 250/5000 psi.   

FINAL",8749285959175
DP_0036,177004038401,2006-08-07,"8/1 - Arrived on location 20040801.  RU SL.  Tested lubricator to 5000 psi.  Opened well (1650 psi on tubing).  Pumped open SCSSV with 4000 psi.  RIH with gauge ring & tagged up at 574' (unable to go deeper).  RIH with GS & prong & attempted to latch with no success.  POOH & LD prong.  TIH with fishing tool string & attempted to latch (no success).  RD SL.  

8/2 - RU SL.  RIH with IB (fish not seated in SCSSV).  Chased fish to 2552'.  Started POOH (hung up in SCSSV & lost tools).  RIH & tagged tools at 2647'.  POOH (retrieved tools).  RIH & chased fish from 2647' to 2881'.  RIH with gauge ring & pushed fish to 2982'.  RIH with bailer to 3071'.  RU pump on tubing.  Attempted to establish injection rate.  

8/4 - RU SL.  RIH with gauge ring to 3075' & pushed fish to 8090'.  POOH.  RD SL.  

8/5 - RU EL.  RIH with CIBP & set same at 8063'.  POOH.  RD EL.  

8/6 - RIH with dump bailer & dumped 23' of cement on top of CIBP (TOC at 8040').  

8/7 - RU on SS.  Tested CIBP to 1000 psi.  RU on 13-3/8"" x 9-5/8"" annulus & tested same to 500 psi.",8749285959175
DP_0037,177004042902,2006-08-01,"8/1 - RU on LS.  Mixed & pumped 40 sacks of Class H cement & displaced same (TOC at 7500').  RU pump on SS.  Attempted to establish injection rate.  Bled tubing & casing to 450 psi.  RU on LS.  Tested to 1000 psi.  RU SL.  TIH with RS pulling tool & latched fish at 7400'.  POOH.  LD fish.  RD SL.  RU pump on SS.  Attempted to establish injection rate.  
8/2 - TIH with BP & set same at 7315'.  POOH.  Bled SS & casing to 0 psi.  Tested CIBP to 1000 psi.  TIH with gun & perforated the SS from 7310' to 7308'.  RD EL.  Displaced with SW.  Pumped down SS.  
8/3 - TIH with gun & perforated the SS from 7310' to 7308'.  POOH.  RD EL.  Mixed & pumped 125 sacks of Class H cement for a 300' balanced plug from 7310' to 7010' in the 2-3/8"" x 2-3/8""-9-5/8"" annulus & in 2-3/8"" LS & SS.  RU pump.  Attempted to test LS to 1000 psi.  RU EL.  TIH with B-box & set down in GLM at 3858'.  POOH.  LD B-box.  TIH with IB & set down at 3858' (impression of GLV).  RD from LS.  RU SS.  TIH with IB & tagged TOC at 6920'.  POOH (no impression).  RU pump.  Pumped down SS with gauges in LS & 9-5/8"" annulus & chart on SS.  Pumped 3 bbls SW.  Pressured to 1000 psi (all 3 strings communicating).  Tested SS, LS & annulus to 1000 psi.  RU EL on LS.  TIH with blind box & tapped on GLV at 3858'.  RD EL on LS.  RU on SS.  TIH with gun & perforated the SS from 2500' to 2498'.  POOH.  RD EL.  Mixed & pumped 102 sacks of Class H cement & spotted a balanced plug from 2500' to 2000' in 2-3/8"" x 2-3/8"" x 9-5/8"" annulus & in 2-3/8"" LS & SS.  
8/4 - Attempted to test LS (communicating with SS & annulus).  RU EL.  TIH with IB & set down at 3858'.  POOH (impression of GLV).  RU SS.  TIH with IB & set down at 5763'.  POOH (no impression).  RU SL.  RU SS.  TIH & set CIBP at 2510'.  Mixed & pumped 102 sacks of Class H cement for a balanced plug from 2500' to 2200' in 2-3/8"" x 9-5/8"" annulus & in 2-3/8"" LS & SS.
8/5 - Tested LS, SS & 9-5/8"" casing to 1000 psi.  RU SL.  TIH with jet cutter & cut LS at 750'.  POOH.  RD to SS.  RU EL.  TIH with jet cutter & cut SS at 775'.  POOH.  RD EL.  Circulated.  Displaced with SW.    
8/6 - Pulled tree.  POOH.  RU EL.  TIH with JB & tagged at TOF at 539'.  POOH.  RD EL.  Backloaded tubing.  
8/7 - ND casing head & attempted to pull same (head stuck).  RU EL.  TIH with GR & tagged TOF at 539'.  POOH.  LD GR.  TIH with jet cutter & cut 9-5/8"" casing at 535'.  POOH.  RD EL.  RU crane & verified cut.",8749285959175
DP_0038,177004042902,2004-08-01,"8/1  TIH with scraper & brush to 10213.  Circulated with 8.6 CaCl.  POOH.

8/2  RU EL.  GIH with CCL/GR/neutron tools & logged from 10228' to 7000'.  POOH.  PU perforating guns & perforated the V2 Sand from 10222 to 10202.  POOH.  Made 2nd perforating run & perforated the V2 Sand from 10202' to 10184'.  POOH.  RD WL.  

8/3  TIH with packer plug retrieving tool to 10170'.  Displaced well with 8.6 CaCl.  Pumped hi-vis pill.  Stung into packer plug & sheared out.  Monitored well.  POOH.  

8/4  Continued POOH (no recovery of plug).  Tested BOP's.  TIH to 10190'.  Worked over plug but could not latch.  Attempted to latch fish with no success.  POOH.  

8/5  Monitored well.  TIH with bailer to 10232.  Surged bailer & had no indication that bailer had made any hole.  POOH.  

8/6  TIH with burning shoe, jars & drill collars & tagged fish at 10232'.  Pumped sweep & reversed out same.  POOH (no recovery).

8/7  TIH with overshot & grapple to 10232'.  Attempted to latch packer plug with no success.  POOH.",8749285959175
DP_0039,177000010301,2004-07-12,"07/12/04  Arrived on location.  JU & preloaded.

07/13/04  RU CT.  Tested BOPs.  TIH with blind box & tagged TOF @ 11991' CTM.  Set hip-tripper on fish.  Beat down on fish several times - no movement.  POOH with CT.

07/14/04  TIH with fishing assembly / wire grab & tagged TOF @ 11981' CTM.  Set 6K down on fish several times in attempt to grab wire - no success.  TIH with fishing assembly & tagged fish @ 11991' CTM.  Burned over fish & pushed to 12310' CTM.  POOH & LD burning shoe (full of wire).  Blew reel dry.  Tested break to 1000 psi.  TIH while blowing N2.

07/15/04  TIH to 10000 & blew dry (recovered fluid).  POOH.  Monitored well (no flow).  TIH with CT & blew jet from perfs.  Tagged fluid @ 6000-7000'.  SD @ 9000' - blew dry.  TIH & tagged up @ 12018' & worked thru.  PUH to 12050' CTM - blew dry.  Injected N2 (annulus pressure = 500 psi).  POOH.  Monitored well.  Well unloaded 6 bbls water & made some gas.  Pressure fell to 0 psi & stopped flowing.  RU SL.  TIH with SP tool & tagged up @ 11935' WLM.  POOH.  TIH with blind box / impression block & tagged fish @ 11935'.  Attempted several times to beat down.  POOH (impression block showed frayed wire).  RD SL.  RU CT.  TIH with blind box & tagged fish @ 12010'.  Beat down on fish.  POOH.

07/16/04  POOH with CT.  Jacked down & moved off location.  Recompletion / fish recovery operations completed.  FINAL REPORT.",8749285959175
DP_0040,177000010302,2004-07-01,"6/27 - Pumped 30 bbls. of 5.2% KCL down LS.  RU EL.  RIH with CIBP & GR/CCL & set down same at 10437'.  POOH.  RU SL.  RIH with blind box to 10410' & beat down on plug (no movement).  POOH.  RU SL.  RIH with bailer to 10410' & bailed (recovered small amount of sand).  RU EL.  RIH with CIBP & GR/CCL & set down same at 10437' (top of plug at 10436').  POOH.  RU EL with dump bailer & dumped 5' of cement to 10431'.  

6/28 - Pumped 14 bbls. in LS & attempted to test plug to 10431'.  Pumped in at 150 psi with pressure on SS at 2550 psi & casing pressure at 0 psi.  Pressure tested flowline of LS from well to header to 1500 psi.  

6/29 - RU SL.  RIH with ponytail to 10374'.  POOH.  Pressured up on production casing to 800 psi.  RU SL.  RIH with hole finder & set down at 10396' (sheared pin).  Pumped 1 bbl. with hole full of fluid.  Attempted POOH (hole finder stuck).  Jarred up.  Dropped 5' go-devil on wire & cut wire above rope socket (all wire recovered).  RU WL.  RIH with pulling tool to 10325' & latched go-devil.  POOH with same.  

6/30 - RU SL.  RIH with impression block & tagged fish at 10330'.  RIH & latched & pulled fish at 10313'.  Pulled up to 4200# with jars with no success.  Pumped 30 bbls. of KCL down tubing while pulling up to 6300#.  RU cutter & RIH with same.  Cut wire & POOH (did not recover cutter).  

7/1 - RU SL.  RIH with PS4 plug & set same at 10140'.  Attempted to test PS4 plug with no success.  Pumped 10 bbls. KCL in tubing.  RU EL.  RIH with tubing punch gun & perforated the Sig(P) 1 Sand from 10097' to 10107'.  Began unloading well to gas buster.  

7/2 - Flowed water on fully opened choke with no gas show.  SWI.  Lease OCS 00780, Well No. D002 operations completed 20040702.  FINAL REPORT.",8749285959175
DP_0041,177000015801,2004-07-03,"07/05/04:	Skid f/Well #A-8.  RU SL.  Tested lub to 500 psi.  Opened SCSSV.  GIH w/GS pulling tool to 1665' SLM.  POOH.

07/06/04:	Attempted to pull plug; unsuccessful.  RIH w/1-1/2"" imp. blk. POOH.  RIH w/RS pulling tool; latched onto D&D stop.  POOH.  GIH w/RS to 3039'; pulled D&D pack off stop.  POOH.  GIH w/GR to 4368'.  POOH.  RD SL.  RU EL. GIH w/EL;  Cut tbg @ 4343' WLM.  

07/07/04:	Circ.  SI well & monitored pressure.  Circ thru open choke.  Monitored well. Well static. Installed BPV.  ND tree.  NU BOPs.

07/08/04:	Installed XO on 2-3/8"" tbg.  RU & tested BOPs 250/5000 psi.  NU bell nipple.

07/09/04:	MU X-O on 2-2/3"" tbg & MU into tbg hgr.  Circ thru choke.  LD tbg, hgr & SCSSV.  C&C.  RIH w/2-3/8"" tbg to 4343' WLM.  Circ.  Pumped 30 sxs (32 cu.ft.) Cl. ""H"" cmt to set a 200' balanced cmt plug f/4343' to 4143' WLM.  POOH.  Opened well & monitored; well static.  POOH & LD tubing.

07/10/04:	Tested BOPs 250/5000 psi.  RIH w/5"" X-line washpipe.  Cut 2-3/8"" tbg @ 1648'.  POOH & LD fish.    POOH.
",8749285959175
DP_0042,177002004401,2004-07-01,"6/29 - Arrived on location 20040629.  RU WL.  Tested lubricator to 2500 psi.  Pressured up on tubing to open downhole valves.  RIH with gauge ring on SS to 5641'.  POOH.  RIH with TA tool to 654'.  Locked SCSSV.  RIH with gauge ring to insure valve locked open.  RU on LS.  RIH with gauge ring to 5816'.  POOH.  RU TA tool.  Attempted to lock open SCSSV but was unable to locate with tool.  RIH with paraffin cutter & worked cutter through SCSSV several times.  RIH with TA tool but was unable to locate SCSSV.  POOH (found tool string unscrewed above jars).  RIH with RS tool to 5764' & latched tool string.  RIH with scratcher & attempted to cut more paraffin (tool string stuck in SCSSV).  Worked tool string.  Pulled out of rope socket.  RIH with RS tool to 5764' & attempted to latch fish with no success.  Pumped 3% KCL down LS.  RU on SS & pumped 3% KCL down same.  Set BPV's in SS & LS.  RD tree.  
6/30 - NU BOP's.  Pulled BPV's.  Set 2-way check.  Attempted to test BOP's with no success (unable to hold pressure).  Pulled BPV's.  RU EL.  RU dual string handling tools.  RU on LS.  RIH with chemical cutter to 5658' & cut tubing below dual packer.  RU on SS.  RIH with chemical cutter to 5640' & attempted to cut tubing with no success (tool failed to fire).  POOH.  RU on SS.  RIH with chemical cutter to 5640' & cut tubing on SS.  POOH.  RU on LS.  Pulled 75000# on dual strings.  RIH with chemical cutter to 5600'.  
7/1 - Cut LS with 75000# pull on same.  POOH with cutter.  RU dual tubing tongs.  POOH with dual strings & hanger.
7/2 - Continued POOH with 16 GLM's, 2 SCSSV's. 4 pup joints, 3 nipples.  RD dual tubing tongs.  Tested BOP's.  TIH with fishing tool assembly on 3-1/2"" DP.  
7/3 - Tagged fish at 5603' & latched same.  Jarred fish free & POOH with same.  Re-dressed grapple & overshot.  TIH with fishing assembly to 5675'.  Latched fish & POOH with same.",8749285959175
DP_0043,177002004401,2004-07-01,"07/03/2004:  Drill from 11708' to 11970'.  
07/04/2004:  Drill from 11970' to 12280'.
07/05/2004:  Drill from 12280' to 12530'.
07/06/2004:  Drill from 12530' to 12610'.  POOH.  PU new bit and BHA.  TIH.
07/07/2004:  Wash / ream to 12610'.  Drill from 12610' to 12710'.  Circ / cond.  RU E/L.  RIH w/ triple combo log.
07/08/2004:  Cont RIH w/ triple combo log to bottom (TD).  Log up - tool stuck at 12450'.  Wait on fishing tools.  RIH w/ stripping over WL.  Change out bails.  Continue stripping over WL.
07/09/2004:  Finish stripping over SL to 12450'.  Workd down over fish.  POOH w/ SL.  Circ / cond.  POOH to shoe.  RD W/L.  LD fish.  Remove from overshot.  MU hole opener assembly.
07/10/2004:  TIH w/ hole opener assy to 9946'.  Service rig and top drive.  Shut down to change out transformer.
",8749285959175
DP_0044,177002006502,2004-06-26,"06/26/04  Test BOPE to 250/5000 psi.

06/27/04  Finish testing BOP's.  Set GP Packer.  Problems with same.

06/28/04  ""Fish"" GP Packer.

06/29/04  ""Fish"" GP Packer.

06/30/04  Recovery of GP Packer.  GP screen still to be recovered.  Washover ""fish"".

07/01/04  ""Fishing""

07/02/04  ""Fishing"".    Recovered same.

07/03/04  Tagged sump packer with tapered mill.",8749285959175
DP_0045,177004005201,2004-05-09,"5/9 - Arrived on location 20040509.  RU SL with lubricator, tool string, & gauge ring.  RIH with same & tagged SCSSV at 211'.  RU SL with dummy & gauge ring.  Tested lubricator to 8000 psi.  Pressured up to 3200 psi to open SCSSV.  RIH 3 times through safety valve from 190' to 230' (SCSSV fully open).  Set down at 10475'.  POOH.  RU SL with dump bailer, hammer sub with shear pin & glass disc.  RIH & set down at 10475'.  Dumped acid.  POOH.

5/10 - RU SL.  RIH with impression block to 10475' & set down.  POOH (no indication of fluid level).  RU SL & dumped acid at 10475'.  POOH.  RU SL with bailer of 10% HCL.  RIH & dumped at 10568'.  POOH.  

5/11 - RU SL with impression block & RIH to 10475'.  Tagged & POOH (impression of vertical scars on edge of lead).  RU SL with gauge ring & RIH to 10568'.  POOH.   RIH to get impression at 10568'.  POOH (impression of clean fishing neck).  RU SL with GR pulling tool with brass pin.  RIH & latched X-lock with choke at 10568'.  POOH with same.  RU SL with gauge ring & RIH to 11150'.  POOH.  Brought well on production.

5/12 - RD all SL equipment.  Lease OCS-G 16104, Well No. 001 operations completed 20040512.  FINAL REPORT.      
",8749285959175
DP_0046,177004006901,2004-06-22,"6/22-Equipment on location.  SM, RU N2 unit, TIH 2.3"" gauge, tagged @ 10738'WLM, unable to get past 10768' MD.  POOH.  RIH w/ standing valve, set nipple @ 10768' - RIH w/ ck set tool then junk basket.  Opened well, bled off pressure, filled tbg w/ H2O.
6/23-SM, continued to fill tbg with H2O.  Well on vacuum, removed bull plug & opened csg wing valve, well on huge vacuum.  SM, RU pump in Sub on lub.  RIH w/ perforator to 10683' WLM, pumping N2, POOH, gun did not activate.  Fluid level w/650 psi @ 9997'. 
6/24-SM, Tested csg to 1500 psi w/ N2.  Bled to 0 psi.  RU WL, RIH & pulled junk basket, check set tool and standing valve.  Checked and re-ran.  Put 2000 psi on tbg, perforated, injected w/ gas lift, POOH w/ junk basket, POOH w/ standing valve, redressed, RIH w/ standing valve.  RIH w/ junk basket.
6/25- RIH, perforated, unable to POOH.  shot hole 18' above standing valve.  POOH, perforating gun parted, fish left in hole.  Perforator packed w/ sand.  RIH w/ IB, sat down @ 9300', POOH. Opened well to production, tbg bled down to 0 psi, SI well.  TIH w/ bailer, find sand @ 9530', began continuous bailing.  SDFN.
6/26-SM, bailed sand, RD equipment, SD to evaluate.  SUSPENDED.
",8749285959175
DP_0047,177004007801,2004-06-13,"06/13/04:  RU and tested CTU BOPs to 250/5000 psi.

06/14/04:  MU and tested 1.84 mill assembly with mud motor at surface a 1/4 bpm.  Tested break.  TIH with coil to 11568' MD.  Milled to 11696' MD.  Pumped hi vis pills.  Circulated sweeps out of screans.  Worked coil up an down.

06/15/04:  POOH.  RD CTU.  Attempted to engage TOF with 15K over.  OS pulled free.  POOH.  

06/16/04:  TIH with short catch overshot and latched fiah at 11541' MD.  RU E-line and tested equipment to 250/5000 psi.  TIH with E-line and jet cutter to 11681' MD.  Logged and fire cutter at 11656' ME.  PU and pulled 40K over.  Set down and worked DP to break cut.  POOH with DP.

06/17/04:  POOH with WS and overshot, had fish.  Shucked overshot and LD fish.  ND bell nipple and NU flange.  RU e-line and tested lubricator to 250/4500 psi.  TIH and logged with GRN/CCL/PNC logging tool from 11638' to 8700' MD.  RD e-line lubricator.  ND flange and NU bell nipple.

06/18/04:  TIH with WS and MS.  Tagged sand a 11640' MD.  Washed down to 11652' MD.  Revered out complete wellbore volume, had sand in returns.  POOH with WS and MS.  MU 5"" scrape/brush assembly.  Spaced out with 2-7/8"" DP.  MU 7"" scraper assembly.  Spaced out with DP.  MU 9-5/8"" scraper/brush assembly.

06/19/04:  TIH with bit and scraper assemblies to TOF at 11653' MD.  Reversed out clean.  POOH with scrapers and DP.  MU and set tested plug.  Tested BOPs to 250/5000 psi.
",8749285959175
DP_0048,177004009101,2004-05-30,"05/30/04 - TIH with overshot and 6-1/2"" grapple to 7446'. Worked over fish and latched. POOH with fish - recovered 100% of fish.

05/31/04 thru 06/05/04 - Drilled to 12655'. Slugged pipe and POOH.",8749285959175
DP_0049,177004015302,2004-05-23,"5/23/04: Log w/ CBL from 13169-11596 ELM. POOH. RIH. Set sump pkr @ 13020'. POOH. TIH w/ TCP assy.
5/24/04: TIH w/ TCP assy. Perf from 12975-13010'. POOH w/ TCP assy.
5/25/04: TIH w/ GP assy. Set pkr @ 12860'. Pump pickle. Reverse out.
5/26/04: Attempt to get circ rates. Unable to get returns. Decided to do Frac in Squeeze position. Spot mini-frac. Performed SRT. Redesigned Frac Pac. Perform Frac Pac on M-60 sand.
5/27/04: Set pkr plug in gravel pack pkr @ 12860'. Perf M-50 sand from 12680-12850'. Monitor well. Attempt to PU on DP. Jars hit. Work stuck pipe without success.
5/28/04: Work pkr free. POOH slowly. Test BOPE. RU fishing equipment.
5/29/04: TIH. Circ & monitor. Wash & burn over TCP guns/centralizers from 12752-12916' DPM. Pump sweeps & CBU.
",8749285959175
DP_0050,177004020601,2004-05-23,"05/23/04:  RU to test BOP's.  Pulled BPV.   Made several attempts to high test BOP's to 5000 psi; visually inspected BOP's and surface equipment - no leaks.  Tightened hold-down pins to max. - hanger not holding (leaking 75# per 5 min. average).  RU and tested choke manifold, top drive safety valves, and stand pipe to 250 psi low/5000 psi high.  (Received 24-hour BOP test waiver from John McCarroll at 9:30 a.m. to pull tubing and replace tubing hanger.)  RU slickline and tested lubricator to 1000 psi.  Pulled DX plug at 358' WLM.  RU E/L and tested lubricator to 1500 psi.  Backed out hold-down pins on tubing head - pull tested 2 7/8"" production tubing to 15,000#.  .  Pumped down hole from 450-1300' & tool stopped - gauge & spang jars packed w/paraffin.  RD E/L.  Ran barbed scratcher to 3000' WLM.  Ran 2 "" gauge to 12,600'.  Cut tubing at 12,600' WLM.

05/24/04:  POOH, LD 2-7/8"" production tubing.  Set storm pkr. @ 315'.  PU BOP's. (Received 24-hour BOP test waiver from John McCarroll.)

05/25/04:  Installed new tubing head and tested void to 2500 psi.  NU stack on wellhead.  Tested BOP's 250/5000.  POOH w/storm pkr.  TIH with
3 "" drill pipe to latch remaining fish.

05/26/04:  Latched onto fish @ 12,570' and jarred; unable to pull.  Serviced rig.  R/U EL.  RIH w/gauge ring to 12,715'.  Punched tubing 12,712-15'; could not pull.  Fired string shot @ 12,700'; could not pull.

05/27/04:  Worked pipe and attempted to pull free; could not pull.  WIH w/chemical cutter and fired @ 12,685' - pipe free.  POOH (TOF @ 12,685' WLM).  R/D EL.  POOH w/fish; recovered 111.77' of 2 7/8"" tubing.  WIH w/overshot and latched onto fish @ 12,685'.

05/28/04:  Jarred on fish; pulled free.  POOH w/fish (tubing and pkr.).  WIH w/bit to 12,834'; washed to 12,851' and lost returns.  Mixed LCM pill and circ. - almost full returns.  Washed to 12,880', circulating LCM pills - full returns.  Washed and reamed to 12,925'.

05/29/04:  Tagged CIBP @ 12,953'.  Pumped LCM sweep.  POOH to 11,779' - hole taking 18 BPH.  TIH to 12,700' and pumped LCM.  Monitored hole.  POOH.  WIH w/casing scraper to 12,953' (PBTD) - no fill.  Attempted to circ. - bit plugged.  POOH to 12,500' and attempted to circ. - bit plugged.  POOH.
",8749285959175
DP_0051,177004020801,2004-05-16,"05/16/04:  RU and repaired drive pipe.  Tested to 50 psi.  ND tree and NU BOP.  NU shooting nipple. RU e-line and tested stack and lubricator to 250/1000 psi.  RIH with 4.5"" casing cutter and cut 5-1/2"" casing at 1175' MD.  POOH.  RIH and set cement retainer at 975' MD.  POOH and RD e-line.  RD shooting and RU work basket.  RIH and stung into retainer at 975' MD.  Broke circulation.  Mixed and pumped 113 sxs Class H cement for a 300' cement plug in 5-1/2"" x 9-5/8"" annulus from 1175' to 875' MD and a 400' plug in the 5-1/2"" casing leaving 200' below retainer from 1175' to 975' MD and 200' above retainer from 975' to 775' MD.  Displaced with 3 bbls SW.  Circulated hole clean.  POOH and WOC.  Tested plug in 5-1/2"" to 1000 psi.  RU e-line and tested lubricator to 500 psi.  RIH and tagged TOC at 768' MD.  RIH and cut production casing at 500' MD (397' BML).  POOH and RD e-line.

05/17/04:  Circulated hole clean.  ND stack and RU slings, unable to pull 5-1/2"" casing.  RU e-line and tested lubricator to 500 psi.  RIH and cut casing at 496' MD.  POOH and RD e-line. Unable to pull casing.  RIH with collar splitter and set off at 491' MD.  POOH and RD e-line.  CBU.  RD shooting nipple.  RU jack.  Cut 5-1/2"" casing below slips.  Removed 13-5/8"" x 11"" casing head.  PU and  12' of 9-5/8"" casing came with, external corrosion.  POOH with 5-1/2"" casing.  Removed corroded 9-5/8"" casing and 5-1/2"" slips form 13-5/8"" casing head.  NU casing head.  RU e-line.  RIH through 9-5/8"" stub with GR/JB.  Set down on heavy mud at 17'.  POOH and RD e-line.  NU BOP and work basket. 

05/18/04:  RIH with GR/JB to 25' MD.  POOH RD e-line.  RD workbasket.  ND BOP and spool to 13-3/8"" casing head.  Washed and pumped out 30"" dive pipe.  RU 3"" air pumps and pumped 30"" drive pipe down past 9-5/8"" casing stub.  Found top 15' of stub to be ""honeycombed"" mass.  Fabricated hook from 1"" pipe and fished junk out of hole.  RIH and flared stub out.  RU e-line.  RIH with 8.25"" GR/JB and worked into casing stub.  RIH and tagged 5-1/2"" casing stub at 496' MD.  POOH.  

05/19/04:  RIH and set cement retainer for the 9-5/8"" casing at 469' MD.  POOH and RD e-line.  NU BOP and RU work basket.  RIH with worksting and stung into retainer.  Tested cement plug in 5-1/2"" x 9-5/8"" annulus to 500 psi.  Stung out of retainer and broke circulation.  Mixed and pumped 120 sxs of Class H cement for a 300' plug from 469' to 169' MD (366' to 66' BML).  Circulated hole clean and WOC.  RD equipment.  RIH with workstring and tagged TOC at 156' MD (53' BML).  POOH with workstring.  RD work basket.  ND BOP.  Installed steel plat on wellhead.

Well No. 006 is temporarily abandoned.
",8749285959175
DP_0052,177004025001,2006-02-26,"02/19/2006 Drilled to 9601'.  Circulated out gas. Drilled to 9835'. 

02/20/2006 Drilled to 9883'. Pumped sweep. Circulated. Made short trip from 9883' - 8782'. TIH; hole slick, no fill. Pumped sweep. CBU. Flow checked well; static. Pumped slug. POOH. LD bit & mule shoe. Pulled wear bushing. 

02/21/2006 Tested BOPs. Installed wear bushing. TIH to 8700' & serviced top drive. Drilled to 9926'. Circulated. Drilled to 10000'. Pumped Hi-Vis sweep. Drilled to 10151'. CBU. Drilled to 10200'.

02/22/2006 Circulated. Drilled to 10430'; TD. Pumped sweep. Circulated out. Made short trip to 8793'; hole took proper fill, no excess drag. C&CM. POOH. 

02/23/2006 RU EL & lubricator; tested same to 500 psi. RIH from 10426' - 8782' & logged wellbore. POOH. Held PJSM. Shot SW cores. TIH to 10000' & checked pick-up weight. TIH to 10260'; tool taking weight. Attempted to pick-up tool; stuck. Attempted to free tool. 

02/24/2006 Worked WL. Held PJSM. Removed WL & RU strip pver WL. TIH w/ fishing BHA & stripped over WL. TOF @ 10232'. Worked pipe & WL in hole @ 8661'. CBU @ 8661'.  TIH & stripped over WL @ 8772'. Latched on to fish @ 10237' & pressured up on DP. CBU @ 10237'. 

02/25/2006 TIH to 8670' w/ 8-1/2"" hole opender assembly. Cut 162' of drill line. Serviced tops drive & welded up hole in brake flanges. ",8749285959175
DP_0053,177004025901,2006-03-01,"2/26 - RIH and logged from 6103' to 4200'. RIH with JB/GR to 6079'. RIH with sump packer and set at 5968'. PU 20' gun 4 SPF, RIH with 20'gun to 5968'. Tagged and stuck gun in sump packer. POOH (left gun in hole). RD WL.

2/27 - PU overshot assembly and latched onto fish at 5939' DPM. NU lubricator, wireline equipment and tested same to 1000 psi. RIH and perforated from 5942' to 5962'. RD and opened well. TIH with tubing to 878' and well started flowing. Shut in well and started bull heading 8.6 ppg KCL fluid down tubing.

2/28 - Lubricated and bled well. Circulated with 9.5 ppg KCL fluid. Shut well in.

3/1 - Opened well and monitored for 15 minutes (Well static). RIH with 2-7/8"" tubing to 5978'. Tagged, latched and stung into packer. Pressured up 1500 psi on packer. RIH with GP assembly and tubing to top of sump packer at 5968'.

3/2 - Performed GP job and tested backside to 1000 psi. Reversed out 1-1/2 volume tubing capacity (no sand recovered in returns). Released from GP (Well static). POOH and tested tubing with 5000 psi.

3/3 - Installed SCSSV. Spaced out and installed tubing hanger. Worked SCSSV and tested to 10,000 psi. Pumped 23,000 cubic ft. of nitrogen to displace 29 bbls fluid out of casing, no returns and closed SCSSV. Opened SCSSV. Pressured up 1000 psi on casing and re-tested backside. Started pumping nitrogen down tubing into formation and finished displacing 100,000 cu.ft. of nitrogen. Final pressure was 2000 psi on tubing. Closed SCSSV. ND BOPs.  NU tree.

3/4 - Installed stric-lan testers. Pulled two-way check valve. Tested SCSSV to 6000 psi. Started flowing well to well testers.
",8749285959175
DP_0054,177004025903,2006-02-27,"02/26/06 - Checked pressure on Well A-7; A-7 long string tubing 1600 psi, production casing 1500 psi, void 0 psi and short string tubing 500 psi. Pressure test viod to 3500 psi. Bled production casing from 1500 psi to 0 psi. Broke off flow line and installed flange. Hook up to gas buster and tank. Hooked up A-7 to flow to gas buster. Opened well to flow and bled tubing pressure from 1600 psi to 0 psi.

02/27/06  RU slickline on long string. Pressure tested lubricator to 4000 psi. RIH with 1 37/32 gauge ring and tagged top of SCSSV at 289 WLM. POOH. RIH with 2 GS pulling tool and 6 prong tagged top of SCSSV at 289 WLM and stabbed SCSSV. Monitored tubing pressure and produced fluids. SI well. RIH with SCSSV and set valve. POOH. RIH with check set tool found ok. Tested SCSSV and bled down from 1400 psi to 0 psi  good test. RU on long string and RIH with B&B BPV and attempted to set valve  stuck above lower master valve.

02/28/06  RU slickline on short string. Pressure tested lubricator to 4000 psi. RIH with GS pulling tool and prong to 252 WLM. Stabbed DX plug and pressure increased to 600 psi  unable to latch plug. POOH. Pressured up on tubing to 1000 psi with seawater. Removed prong and RIH with GS pulling tool to 252 WLM. Latched plug and jarred on plug by hand. Plug pulled loose and blew down hole.

03/01/06  RU slickline on short string and pressure tested lubricator to 4000 psi. RIH with 1-3/4 impression block to 300 WLM. Tagged top of fish at 300 WLM. RIH with 2 RS pulling tool to 300 WLM. Latched tool string and POOH. Recovered complete tool string and DX plug from 300 WLM. Set 1.875 interface DX plug st 252 WLM. RIH with 2 check set tool, tagged top of DX plug and jarred down. Bled tubing pressure from 1200 psi to 0 psi  monitored pressure.

03/02/06  All pressure at 0 psi. Cut bolts on tree above bottom master valve and pulled tree above master valve. Recovered BPV out of tree. Set ISA BPVs in tubing hanger, long string and short string. Cleaned hanger and control lines. All o-ring seals cut.

03/03/06  Installed o-ring seals on control line hangers and tubing seal cups. Made up bottom master valve on tubing hanger. Pressure test void to 5000 psi for 1 hour  good test. Installed the remainder of dual tree. Pressure test voids to 5000 psi  good test. Opened SCSSV and tested control line to 4500 psi. Secured tree. Opened well to flow and monitored. Shut in well and RD wireline equipment.
",8749285959175
DP_0055,177004036603,2006-03-03,"02/26/2006:  Continued to run production tubing.  MU SCSSV and connected control line.  Stung into packer and tested backside to 2000 psi.  LD excess tubing and spaced out.  Installed hanger and tied-in control line.  Tested control line to 10,000 pis.  Stung into packer.   RU slickline.  Mage gauge run to 10,750'.  POOH with slickline, left gauge and spang jars in hole.  MU slickline fishing tools to retrieve fish.

02/27/2006:  TIH with fishing tool on slickline and fished out gauge ring.  RD slickline.  Pulled hanger to floor to dress with HP connection.  TIH with X test plug and set at 10,439'.  Attempted to test tubing to 8000 psi, not holding.  POOH to redress test tool, found the X tool parted and left bottom part of plug in tubing.  Made gauge run to 3,900'; and tagged tool left in hole.  GIH with spear and latched onto lower half of plug at 4,200'.  POOH with full recovery.  Redressed head.  GIH and set PX plug at 10,439'.

02/28/2006:  Tested production tubing to 8000 psi.  RIH with slickline and retreived both prong and PX plug at 10,439'.  Circulated 8.5 ppg inhibited KCL packer fluid.  Landed tubing.  Tested backside to 2000 psi.  Set BPV.

03/01/2006:  ND BOP's.  NU tree.  Pulled BPV and installed 2 way check.  Tested tree to 8000 psi.  Tested SCSSV control line to 10,000 psi.  RU chicksans to choke on tree.  Tested lines to 250/8000 psi.

03/02/2006:  Pressured up to 3000 psi on TCP guns.  Established underbalance to the formation.  Fired guns and perforated the LR Sand from 11,919' to 11,933'.  Unloaded well to rig's gas buster.  SI well.  Closed SCSSV and bled down pressure.  Installed BPV.  Closed all tree valves.  Skidded rig over to Well No. A009.

Final Report.",8749285959175
DP_0056,177004036603,2006-02-28,"02/26/06 - RIH with washing tool & washed from 213' to 2023'.  CBU.

02/27/06 - Washed from 2023' to 4410' & tagged fish.  Displaced 2-7/8"" tubing with 11.6 CaCl2.  Displaced 1-1/2"" tubing with SW.  POOH.  

02/28/06 - RIH with overshot & grapple.  Latched fish & pulled same free.  

03/01/06 - Pulled with overshot assembly.  SI well.  Lost overshot crossover & half of hydraulic disconnect.

03/02/06 - RIH with pulling tool & tagged TOF @ 4407'.  Latched fish.  Attempted to pull with no success.

03/03/06 - RIH with overshot & engaged fish.

03/04/06 - Pulled out of hole with overshot & recovered fish.",8749285959175
DP_0057,177004037001,2006-02-27,"02/26/06 - Milled to 11838' (could not mill through).  POOH.  

02/27/06 - Milled from 7790' to 7798'.  

02/28/06 - RIH with spear & latched fish at 8190'.  POOH.  Tested BOP's.  

03/01/06 - Made several attempts to pull fish with no success.

03/02/06 - Milled from 7840' to 8089'.  POOH 

03/03/06 - RIH with burning shoe to 5000' (lost returns).  POOH (good returns above 5000').  

03/04/06 - RIH & milled from 6390' to 8204' (TOF).",8749285959175
DP_0058,177004038401,2005-11-27,"11/27/2005 - Finished POOH.  TIH with fishing assembly and recovered screen.  TIH with washpipe and muleshoe.  Washed out mill out extension in sump packer.  Swept hole with HEC pill.

11/28/2005  - Finished sweeping hole and displaced with completion fluid.  POOH and tested BOPs.  TIH with GP assembly.
 
11/29/2005 -  Finished TIH with GP assembly.  Snapped in and out of sump packer.  Set gravel pack packer at 8903.  Reversed out HEC and pickled workstring.  Pumped acid treatment, established injection rates, and gravel packed well with 4109# sand (reversed out 2300#).  POOH and RD GP.  RU to run production tubing.

11/30/2005  TIH with tubing, tagged packer and spaced out.  Unstung from packer and circulating around 9.8 ppg inhibited packer fluid.

12/1/2005 - Circulate around packer fluid.  RU N2 and displaced 40 bbls of tubing volume.  Landed out tubing and installed BPV.  ND stack and NU tree.  RU SL and tested same.

12/2/2005  Pressure up on top of SCSSV and opened same.  Made GR run.  Opened well to test.  Flowed well.  Closed SCSSV and bled off pressure.  Closed valves and RD testers.  Installed BPV and tree cap.  LD workstring  and backloading to boat.  FINAL REPORT.",8749285959175
DP_0059,177004042902,2006-03-05,"03/05/2006 - Finished POOH.  Tested lubricator to 500 psi.  RIH with triple combo, ran uplog, tools stuck at 8320', unable to work tools free.  Waiting on fishing tools.

03/06/2006 - RD lubricator.  RIH with 3-1/2"" DP stripping over WL to 7850'.

03/07/2006 - C&CM.  TIH stripping over WL, broke circulation and pumped out overshot 1 stand above fish.  Set down at 8247'.  Made several attempts to work past 8247' and latch fish.  Worked over fish and latched at 8320'.  POOH with fish stripping over WL.

03/08/2006 - POOH with fish stripping over WL.  Recovered entire fish.  LD logging tools and fishing assembly.  TIH with 4-1/2"" hole opener assembly.

03/09/2006 - TIH with 4-1/2"" hole opener assembly to 5-1/2"" liner at 6797'.  C&CM.  Made short trip to casing shoe at 7900' and monitored well.  Running 3-1/2"" liner.

03/10/2006 - Continued running liner.  Stuck pipe at 8405' - worked pipe.  

03/11/2006 - Continued displacing pill. Completed running 3-1/2"" liner and cemented.  Tested 3-1/2"" to 500 psi.  Tested annulus to 820 psi.  TIH with 7-5/8"" cement retainer.  NOTE - on 03/10/2006 at 1230 hrs Guy Thibodeaux (MMS) granted a 3 day extension on BOP testing.",8749285959175
